
{
    "tasks": [
      {
        "id": "1",
        "title": "Design UI mockups",
        "description": "Create wireframes for the dashboard",
        "status": "To Do"
      },
      {
        "id": "2",
        "title": "Implement API integration",
        "description": "Connect frontend to backend services",
        "status": "In Progress"
      },
      {
        "id": "3",
        "title": "Write documentation",
        "description": "Document all components and APIs",
        "status": "Done"
      }
    ]
  }